Accident_Index,Gender,Severity,Age_Grp
197901A1SEE71,Male,Serious,36 to 45
197901A2JDW40,Male,Slight,46 to 55
197901A4IJV90,Male,Slight,46 to 55
197901A4NIE33,Male,Slight,36 to 45
197901A4SKO47,Male,Slight,46 to 55
197901A5CKE54,Female,Slight,36 to 45
197901A5UJC75,Male,Slight,16 to 20
197901A6ODP50,Male,Slight,21 to 25
197901A6VEC34,Female,Slight,26 to 35
197901A7PDD49,Male,Serious,11 to 15
197901A8GJD98,Female,Slight,56 to 65
197901A8HBU61,Male,Serious,26 to 35
197901A8HID35,Male,Serious,11 to 15
197901A8HIW75,Male,Slight,26 to 35
197901A8ICQ64,Male,Serious,46 to 55
197901A8RCP17,Male,Slight,16 to 20
197901A8REE10,Male,Slight,21 to 25
197901A8REE10,Male,Slight,21 to 25
197901A8UCF20,Male,Slight,56 to 65
197901A8UCF20,Male,Slight,56 to 65
197901A9IAV85,Male,Slight,36 to 45
197901A9KAJ00,Male,Slight,46 to 55
197901A9NLE13,Female,Slight,46 to 55
197901A9PLC92,Female,Slight,26 to 35
197901AAGJE41,Female,Slight,26 to 35
197901AAHCI12,Male,Serious,56 to 65
197901AAHCL87,Male,Slight,36 to 45
197901AAHDD83,Male,Slight,16 to 20
197901AAHDI16,Male,Slight,46 to 55
197901AAHDK21,Female,Serious,36 to 45
197901AAHEE69,Male,Slight,26 to 35
197901AAIKW82,Male,Slight,11 to 15
197901AAMDE49,Female,Slight,16 to 20
197901AAPDF89,Male,Slight,26 to 35
197901AAQAW96,Female,Slight,6 to 10
197901AAQAW96,Female,Slight,6 to 10
197901AAQGD85,Male,Slight,11 to 15
197901AAQGD85,Male,Slight,11 to 15
197901AATAI16,Female,Slight,36 to 45
197901AATGW62,Male,Slight,11 to 15
197901AAUAE44,Female,Slight,16 to 20
197901AAXGL93,Female,Slight,21 to 25
197901ABBJE26,Male,Slight,21 to 25
197901ABIFK17,Male,Slight,11 to 15
197901ABKAE44,Male,Slight,11 to 15
197901ABOHP52,Male,Slight,36 to 45
197901ABOHP52,Male,Slight,36 to 45
197901ABOHP52,Male,Slight,36 to 45
197901ABQGD00,Male,Slight,16 to 20
197901ABRJQ68,Female,Slight,46 to 55
197901ABSDD38,Male,Slight,26 to 35
197901ACHAS02,Female,Serious,46 to 55
197901ACLAC58,Male,Slight,46 to 55
197901ACLAJ24,Female,Slight,21 to 25
197901ACLIP69,Female,Slight,46 to 55
197901ACMJL52,Female,Slight,16 to 20
197901ACNGE41,Male,Slight,66 to 75
197901ACPAC99,Female,Slight,21 to 25
197901ACSDE39,Male,Slight,21 to 25
197901ACTEC61,Male,Slight,46 to 55
197901ACTJW40,Male,Slight,36 to 45
197901ACUGQ54,Male,Serious,11 to 15
197901ADBGI87,Male,Slight,26 to 35
197901ADIEC87,Male,Slight,36 to 45
197901ADMKD48,Male,Slight,46 to 55
197901ADNGE89,Male,Serious,21 to 25
197901ADQFU93,Male,Serious,6 to 10
197901ADSCF02,Male,Slight,11 to 15
197901AENIK12,Male,Slight,66 to 75
197901AEQDD18,Male,Slight,6 to 10
197901AFGKC34,Male,Slight,21 to 25
197901AFIGV85,Male,Slight,16 to 20
197901AFJGF64,Female,Slight,56 to 65
197901AFNJC52,Female,Slight,21 to 25
197901AGIEE15,Male,Slight,16 to 20
197901AGIKE48,Male,Slight,16 to 20
197901AGRDD16,Male,Slight,21 to 25
197901AGRGF08,Male,Slight,46 to 55
197901AGSGU10,Male,Slight,6 to 10
197901AGUFC52,Male,Serious,16 to 20
197901AHHFF25,Male,Slight,36 to 45
197901AHHHO12,Male,Slight,11 to 15
197901AHIHV83,Male,Slight,16 to 20
197901AHIIE84,Male,Slight,11 to 15
197901AHIJD92,Male,Slight,11 to 15
197901AHJJC73,Female,Slight,21 to 25
197901AHKAW57,Female,Slight,36 to 45
197901AHKEC18,Male,Slight,21 to 25
197901AHPHV33,Female,Slight,26 to 35
197901AHQBW96,Male,Slight,11 to 15
197901AHRIJ03,Male,Slight,21 to 25
197901AHSGW41,Male,Slight,26 to 35
197901AIGJF96,Male,Slight,56 to 65
197901AIIAU70,Male,Slight,16 to 20
197901AIICE20,Male,Slight,26 to 35
197901AIICV59,Male,Serious,66 to 75
197901AIKHD85,Male,Slight,11 to 15
197901AIRFP93,Male,Slight,11 to 15
197901AIRGE03,Male,Slight,56 to 65
197901AIXIP66,Female,Slight,56 to 65
197901AJMJD97,Male,Slight,16 to 20
197901AJPHC64,Male,Serious,6 to 10
197901AJRJC41,Female,Slight,21 to 25
197901AKEKE20,Male,Slight,26 to 35
197901AKHKD12,Female,Slight,36 to 45
197901AKIDC86,Male,Slight,16 to 20
197901AKOHF07,Male,Slight,16 to 20
197901AKPLU29,Male,Slight,11 to 15
197901AKSAD54,Male,Slight,56 to 65
197901AKVID76,Male,Slight,56 to 65
197901AKVJC47,Female,Slight,16 to 20
197901ALDGV83,Male,Slight,11 to 15
197901ALHJE36,Male,Slight,11 to 15
197901ALMAE81,Male,Serious,56 to 65
197901ALQGD05,Male,Slight,46 to 55
197901ALSBF19,Male,Slight,46 to 55
197901ALSGC25,Female,Slight,21 to 25
197901ALUKC81,Male,Slight,11 to 15
197901ALXFI41,Male,Slight,56 to 65
197901AMHED97,Male,Slight,26 to 35
197901AMJAC65,Male,Slight,36 to 45
197901AMJGI26,Male,Slight,21 to 25
197901AMJGJ13,Female,Slight,46 to 55
197901AMSGQ61,Male,Slight,66 to 75
197901AMSJI84,Male,Slight,26 to 35
197901AMSLV57,Female,Slight,26 to 35
197901AMULW49,Male,Slight,16 to 20
197901ANAHL02,Male,Slight,21 to 25
197901ANFCC75,Male,Slight,46 to 55
197901AOGIE55,Male,Slight,56 to 65
197901AONIC99,Female,Slight,21 to 25
197901AORGK00,Male,Slight,16 to 20
197901AORJD56,Male,Fatal,36 to 45
197901AOUJC20,Male,Slight,26 to 35
197901APGIQ30,Female,Slight,36 to 45
197901APGJD98,Male,Slight,11 to 15
197901APHIQ60,Female,Slight,56 to 65
197901APJAQ63,Female,Slight,11 to 15
197901APJGR62,Male,Slight,21 to 25
197901APQHC87,Male,Slight,21 to 25
197901APREP65,Female,Slight,46 to 55
197901APRGQ00,Male,Slight,11 to 15
197901APRJE38,Male,Serious,16 to 20
197901APSAE01,Female,Slight,26 to 35
197901APSBP97,Male,Serious,11 to 15
197901APSJC11,Male,Slight,26 to 35
197901AQAED34,Male,Slight,16 to 20
197901AQIDQ66,Male,Slight,16 to 20
197901AQRAD85,Male,Slight,16 to 20
197901AQRGC18,Male,Slight,16 to 20
197901AQUCY05,Male,Slight,26 to 35
197901AQUEC29,Male,Slight,26 to 35
197901AROLC94,Male,Serious,16 to 20
197901ARRAD01,Male,Slight,26 to 35
197901ARRFQ26,Male,Slight,11 to 15
197901ARTAE33,Female,Slight,16 to 20
197901ASNGJ39,Male,Slight,6 to 10
197901ASOGW15,Male,Slight,16 to 20
197901ASOKP59,Male,Slight,16 to 20
197901ASWJC19,Male,Slight,26 to 35
197901ATFJC49,Male,Slight,16 to 20
197901ATHDD30,Male,Slight,26 to 35
197901ATHGW46,Male,Serious,66 to 75
197901ATIGW68,Female,Serious,6 to 10
197901ATNCL11,Male,Slight,66 to 75
197901ATOLP67,Male,Slight,11 to 15
197901ATPCD12,Male,Fatal,56 to 65
197901ATPIV96,Male,Slight,11 to 15
197901ATRAF02,Male,Slight,16 to 20
197901ATRKC96,Male,Serious,21 to 25
197901AUGIP62,Male,Slight,56 to 65
197901AUHAE14,Male,Slight,16 to 20
197901AUNEP20,Male,Slight,26 to 35
197901AUSAC23,Male,Slight,56 to 65
197901AUSIC87,Male,Slight,26 to 35
197901AVIGC18,Male,Slight,16 to 20
197901AVIGE01,Male,Slight,36 to 45
197901AVJCC25,Male,Slight,26 to 35
197901AVQID18,Male,Slight,56 to 65
197901AVRAK08,Male,Slight,11 to 15
197901AVTFD46,Male,Slight,11 to 15
197901AVTIC66,Male,Serious,16 to 20
197901B1HJE50,Male,Slight,16 to 20
197901B1IAX25,Male,Slight,26 to 35
197901B1IGL12,Female,Slight,16 to 20
197901B1IKF00,Female,Slight,21 to 25
197901B1KAC11,Male,Slight,21 to 25
197901B1PGC74,Male,Slight,46 to 55
197901B1SIQ01,Female,Slight,66 to 75
197901B1TGD86,Male,Slight,16 to 20
197901B1WKE61,Male,Slight,56 to 65
197901B2HFE75,Female,Slight,16 to 20
197901B2IHC99,Male,Slight,21 to 25
197901B2JCK51,Male,Slight,56 to 65
197901B2JEE08,Female,Slight,46 to 55
197901B2LJE81,Female,Slight,26 to 35
197901B2QIV51,Male,Slight,26 to 35
197901B2RCW93,Male,Slight,6 to 10
197901B2REW96,Female,Slight,56 to 65
197901B2SBU21,Male,Slight,6 to 10
197901B2SCX16,Female,Slight,16 to 20
197901B2SGK10,Male,Slight,36 to 45
197901B2SGK38,Male,Slight,11 to 15
197901B2TKC29,Male,Slight,26 to 35
197901B3BBC23,Male,Slight,26 to 35
197901B3IDC97,Male,Slight,21 to 25
197901B3JHD92,Male,Slight,56 to 65
197901B3MCD89,Male,Slight,21 to 25
197901B3NKE20,Male,Slight,11 to 15
197901B3PGD08,Male,Slight,11 to 15
197901B3PKC75,Male,Slight,36 to 45
197901B4LDP47,Female,Slight,56 to 65
197901B4NEE43,Male,Slight,16 to 20
197901B4RBR27,Female,Slight,6 to 10
197901B5HCW05,Male,Slight,36 to 45
197901B5MGE86,Male,Slight,36 to 45
197901B5XFC27,Male,Slight,26 to 35
197901B6GJF23,Male,Slight,36 to 45
197901B6HGE78,Male,Slight,36 to 45
197901B6HJX00,Male,Slight,21 to 25
197901B6IKQ91,Male,Slight,26 to 35
197901B6JAU26,Male,Slight,36 to 45
197901B6JDV28,Male,Slight,36 to 45
197901B6LAD01,Male,Slight,16 to 20
197901B6QIW69,Male,Slight,11 to 15
197901B6RCC12,Male,Slight,21 to 25
197901B6SBK60,Male,Slight,36 to 45
197901B6SEC73,Male,Slight,16 to 20
197901B6SGV07,Male,Slight,6 to 10
197901B6WLW68,Male,Slight,36 to 45
197901B7HDC78,Male,Slight,11 to 15
197901B7IKU23,Female,Slight,26 to 35
197901B7LAE86,Male,Serious,16 to 20
197901B7NGD36,Male,Slight,46 to 55
197901B7NHD76,Male,Slight,56 to 65
197901B7QEC81,Male,Slight,11 to 15
197901B7RHL85,Male,Slight,56 to 65
197901B7TDD88,Female,Slight,16 to 20
197901B7WLO77,Male,Slight,26 to 35
197901B8IHC19,Male,Slight,21 to 25
197901B8IHM06,Male,Slight,26 to 35
197901B8JCK55,Male,Slight,56 to 65
197901B8JGU88,Male,Slight,11 to 15
197901B8LGD35,Male,Slight,11 to 15
197901B8MKD80,Male,Slight,56 to 65
197901B8SGW85,Male,Slight,11 to 15
197901B8SJF04,Male,Slight,26 to 35
197901B8TKW17,Male,Slight,11 to 15
197901B8WFD01,Male,Slight,11 to 15
197901B9IJW35,Male,Slight,16 to 20
197901B9KBD07,Male,Slight,21 to 25
197901B9MCF34,Male,Slight,11 to 15
197901B9ODV28,Male,Slight,26 to 35
197901B9PIC51,Male,Slight,21 to 25
197901B9QAQ38,Female,Serious,46 to 55
197901B9QCF02,Male,Slight,11 to 15
197901B9UGD16,Male,Slight,26 to 35
197901BALAP46,Male,Slight,11 to 15
197901BAOBP44,Male,Serious,11 to 15
197901BBMAD42,Male,Slight,11 to 15
197901BCICE29,Male,Slight,36 to 45
197901BCJDC77,Male,Slight,56 to 65
197901BCNED76,Male,Slight,16 to 20
197901BCRLF89,Male,Slight,16 to 20
197901BCXCE17,Female,Slight,36 to 45
197901BDGJK66,Male,Slight,36 to 45
197901BDGKD97,Female,Slight,36 to 45
197901BDHFF58,Male,Serious,56 to 65
197901BDIAL54,Male,Slight,16 to 20
197901BDIGC18,Male,Slight,36 to 45
197901BDIJD93,Male,Slight,16 to 20
197901BDLFE52,Male,Serious,66 to 75
197901BDODD93,Female,Slight,46 to 55
197901BDQHD47,Female,Slight,11 to 15
197901BDREC28,Male,Slight,26 to 35
197901BDRJD67,Male,Slight,11 to 15
197901BDSDD00,Male,Slight,6 to 10
197901BDSKE04,Male,Serious,16 to 20
197901BDSKR98,Male,Slight,26 to 35
197901BDTAL27,Male,Slight,66 to 75
197901BDTCU21,Male,Slight,26 to 35
197901BEHAC53,Male,Slight,36 to 45
197901BEHKW29,Male,Slight,6 to 10
197901BEPAK46,Male,Slight,36 to 45
197901BERDO41,Male,Slight,56 to 65
197901BFACD61,Female,Slight,46 to 55
197901BFMJC35,Male,Slight,21 to 25
197901BFQFK21,Male,Slight,21 to 25
197901BFQJC27,Male,Slight,21 to 25
197901BFQKQ13,Female,Slight,36 to 45
197901BGRBE76,Male,Slight,46 to 55
197901BHHHF36,Male,Slight,11 to 15
197901BHILD80,Male,Slight,46 to 55
197901BHMKD10,Female,Slight,36 to 45
197901BILJC47,Male,Slight,26 to 35
197901BITAF96,Male,Slight,66 to 75
197901BJHFD04,Male,Slight,46 to 55
197901BJPKM03,Male,Serious,11 to 15
197901BJSBK14,Male,Slight,26 to 35
197901BJWEK58,Male,Slight,26 to 35
197901BKGLV57,Male,Slight,11 to 15
197901BKQDC96,Male,Slight,16 to 20
197901BKUDD78,Male,Slight,56 to 65
197901BKXEC20,Male,Slight,26 to 35
197901BLKAP22,Male,Slight,21 to 25
197901BLRCD05,Male,Slight,11 to 15
197901BMIEF01,Male,Slight,26 to 35
197901BMJAC91,Male,Slight,21 to 25
197901BMKAC20,Male,Slight,16 to 20
197901BMMDQ21,Male,Slight,56 to 65
197901BMOEE54,Male,Slight,66 to 75
197901BMPID83,Male,Slight,11 to 15
197901BMSHU35,Male,Slight,11 to 15
197901BMSLY08,Male,Slight,46 to 55
197901BNGEE51,Male,Slight,36 to 45
197901BNGKE59,Male,Slight,56 to 65
197901BNGKS00,Female,Slight,11 to 15
197901BNHKF01,Male,Slight,26 to 35
197901BNHLP90,Male,Slight,26 to 35
197901BNIEW34,Female,Slight,11 to 15
197901BNKLV48,Male,Slight,6 to 10
197901BNLLI99,Male,Slight,11 to 15
197901BNOED92,Male,Slight,56 to 65
197901BNOKE26,Male,Slight,6 to 10
197901BNQDR28,Male,Slight,16 to 20
197901BNSEX58,Male,Slight,11 to 15
197901BNTFQ66,Male,Slight,6 to 10
197901BOLGU14,Male,Slight,11 to 15
197901BOQCG01,Male,Slight,16 to 20
197901BORBU29,Male,Slight,11 to 15
197901BPJGC87,Male,Slight,11 to 15
197901BPQCW78,Male,Serious,11 to 15
197901BPRGD20,Male,Slight,21 to 25
197901BQMAE68,Female,Slight,26 to 35
197901BQNCF21,Male,Slight,11 to 15
197901BQNEE74,Female,Slight,16 to 20
197901BQNGE14,Male,Slight,21 to 25
197901BQPAD87,Male,Slight,66 to 75
197901BQQDC81,Male,Slight,11 to 15
197901BQRFD33,Male,Slight,6 to 10
197901BQRIC38,Male,Slight,26 to 35
197901BQRKC55,Male,Slight,46 to 55
197901BQSEX28,Male,Slight,16 to 20
197901BQUGV10,Male,Slight,11 to 15
197901BRIJC13,Male,Slight,21 to 25
197901BRILV53,Male,Slight,11 to 15
197901BRKIJ72,Male,Slight,11 to 15
197901BRNIE15,Male,Slight,11 to 15
197901BRRGK08,Male,Slight,11 to 15
197901BRUJP43,Male,Slight,21 to 25
197901BSHAD33,Male,Slight,11 to 15
197901BSJAC13,Male,Slight,16 to 20
197901BSQJO91,Male,Slight,56 to 65
197901BSQJV66,Male,Slight,6 to 10
197901BSQKM05,Male,Slight,11 to 15
197901BSTEX26,Male,Slight,36 to 45
197901C1HGQ60,Male,Slight,26 to 35
197901C1IAX93,Male,Slight,11 to 15
197901C1ICD90,Male,Fatal,11 to 15
197901C1ICE98,Female,Slight,46 to 55
197901C1IFD21,Male,Slight,26 to 35
197901C1IGC18,Male,Slight,26 to 35
197901C1IGG02,Male,Slight,46 to 55
197901C1JEE76,Male,Slight,21 to 25
197901C1MIA61,Female,Slight,46 to 55
197901C1MIB61,Female,Serious,46 to 55
197901C1NCE86,Male,Slight,56 to 65
197901C1OAD64,Male,Slight,11 to 15
197901C1SAE41,Male,Slight,11 to 15
197901C1SAF23,Male,Serious,21 to 25
197901C1SLE87,Male,Slight,26 to 35
197901C1VKQ53,Male,Slight,36 to 45
197901C1WGO11,Female,Slight,26 to 35
197901C2FIL17,Male,Serious,46 to 55
197901C2GCF15,Male,Slight,21 to 25
197901C2JGF85,Male,Slight,56 to 65
197901C2OJV70,Male,Slight,11 to 15
197901C2PDD28,Male,Slight,6 to 10
197901C2QDE07,Male,Slight,11 to 15
197901C2QEC20,Male,Slight,16 to 20
197901C2QED05,Male,Slight,66 to 75
197901C2RBE31,Male,Slight,56 to 65
197901C3MFV13,Female,Slight,16 to 20
197901C3NBE19,Male,Slight,11 to 15
197901C3TIC42,Male,Slight,6 to 10
197901C3UKC94,Male,Slight,16 to 20
197901C3VFC87,Male,Slight,26 to 35
197901C4IEJ06,Male,Slight,11 to 15
197901C4NAD75,Male,Slight,6 to 10
197901C4TGD01,Male,Slight,56 to 65
197901C5HLF14,Male,Slight,36 to 45
197901C5IGC24,Male,Slight,46 to 55
197901C5JAX91,Male,Slight,11 to 15
197901C5JEE72,Female,Slight,36 to 45
197901C5NEE85,Male,Slight,46 to 55
197901C6HJS00,Female,Slight,36 to 45
197901C6IBC41,Male,Slight,21 to 25
197901C6IFE12,Male,Slight,11 to 15
197901C6ILL63,Male,Slight,36 to 45
197901C6JDO31,Male,Slight,16 to 20
197901C6MCC29,Male,Slight,26 to 35
197901C6QCK73,Male,Serious,56 to 65
197901C6RDE74,Male,Slight,46 to 55
197901C6SBK66,Male,Slight,36 to 45
197901C6UAQ30,Male,Slight,11 to 15
197901C6VDO66,Male,Slight,11 to 15
197901C6VKE71,Male,Slight,36 to 45
197901C7RAD61,Male,Slight,11 to 15
197901C7RGQ65,Male,Slight,11 to 15
197901C7RKV63,Female,Slight,11 to 15
197901C7SFC25,Female,Slight,16 to 20
197901C8IJW50,Female,Slight,11 to 15
197901C8JED29,Male,Slight,26 to 35
197901C8MGW62,Male,Slight,11 to 15
197901C8NAC97,Female,Slight,21 to 25
197901C8QEW65,Male,Slight,6 to 10
197901C8QGS08,Male,Slight,11 to 15
197901C8RCE14,Male,Slight,46 to 55
197901C8REE36,Male,Slight,26 to 35
197901C8REJ98,Male,Serious,16 to 20
197901C9AGD21,Male,Slight,26 to 35
197901C9FGF10,Male,Slight,56 to 65
197901C9HDF90,Male,Slight,46 to 55
197901C9HLF25,Male,Slight,56 to 65
197901C9QDC50,Male,Serious,11 to 15
197901C9RJF05,Male,Slight,6 to 10
197901C9UAW90,Male,Slight,21 to 25
197901CBKKV57,Male,Slight,6 to 10
197901CBLCC71,Male,Slight,46 to 55
197901CBOFD88,Male,Slight,11 to 15
197901CBPFU11,Male,Slight,21 to 25
197901CBQGE64,Female,Slight,6 to 10
197901CCHGV12,Male,Slight,21 to 25
197901CCIKC51,Female,Slight,56 to 65
197901CCJAC17,Female,Slight,26 to 35
197901CCKFC13,Male,Serious,16 to 20
197901CCMAP49,Male,Slight,11 to 15
197901CCMEQ75,Male,Slight,26 to 35
197901CCNIE12,Male,Slight,36 to 45
197901CCQGP56,Male,Slight,11 to 15
197901CCRAU58,Male,Slight,6 to 10
197901CCRGK66,Male,Slight,6 to 10
197901CCRLD06,Male,Serious,11 to 15
197901CDIDD26,Male,Slight,21 to 25
197901CDJGD20,Female,Slight,16 to 20
197901CDLJX81,Male,Fatal,36 to 45
197901CDQAU84,Female,Slight,26 to 35
197901CDQCD90,Female,Slight,11 to 15
197901CDQIV01,Male,Serious,6 to 10
197901CDQJW11,Male,Slight,11 to 15
197901CDQKF99,Female,Slight,21 to 25
197901CDRCC51,Male,Slight,36 to 45
197901CDRIR24,Male,Slight,16 to 20
197901CDSDC49,Male,Serious,21 to 25
197901CDTJE38,Male,Slight,36 to 45
197901CDVKC74,Male,Slight,46 to 55
197901CEHCE42,Female,Slight,26 to 35
197901CEIAQ03,Male,Slight,11 to 15
197901CEIGE38,Male,Slight,46 to 55
197901CEMAF14,Male,Slight,56 to 65
197901CEPJE10,Male,Slight,11 to 15
197901CERCH70,Male,Slight,26 to 35
197901CETKI28,Male,Slight,16 to 20
197901CEXFD29,Male,Slight,26 to 35
197901CFLDD17,Male,Slight,36 to 45
197901CFMAE16,Female,Slight,26 to 35
197901CFTJC45,Female,Serious,36 to 45
197901CGAIW30,Male,Slight,21 to 25
197901CGGIC98,Male,Slight,16 to 20
197901CGKJE04,Female,Slight,46 to 55
197901CGLGW72,Male,Slight,56 to 65
197901CGPAE59,Male,Serious,16 to 20
197901CGPKE24,Male,Slight,46 to 55
197901CGPKE29,Male,Slight,16 to 20
197901CGQGK21,Male,Slight,11 to 15
197901CGQHE65,Female,Slight,21 to 25
197901CGQLE72,Male,Slight,66 to 75
197901CGRBL81,Female,Slight,36 to 45
197901CGSAD47,Female,Slight,16 to 20
197901CGSDI84,Male,Slight,46 to 55
197901CGSJE50,Female,Slight,16 to 20
197901CHPIP05,Male,Slight,26 to 35
197901CHRBQ62,Male,Slight,11 to 15
197901CIKBE49,Male,Slight,11 to 15
197901CIMGW58,Male,Slight,11 to 15
197901CIMHC68,Male,Serious,11 to 15
197901CJHLF22,Male,Serious,46 to 55
197901CJIAL84,Male,Serious,66 to 75
197901CJNCS03,Female,Slight,46 to 55
197901CJNFE11,Male,Slight,46 to 55
197901CKGGP61,Male,Slight,36 to 45
197901CKJIE45,Male,Slight,66 to 75
197901CKKKC12,Female,Slight,26 to 35
197901CKOGO99,Male,Slight,16 to 20
197901CKRDU61,Male,Slight,6 to 10
197901CKSCV42,Male,Slight,6 to 10
197901CLGID42,Male,Slight,46 to 55
197901CLHDF08,Male,Slight,26 to 35
197901CLHLK19,Female,Slight,56 to 65
197901CLIDW86,Male,Slight,26 to 35
197901CLILF87,Male,Slight,16 to 20
197901CLMJD44,Male,Slight,26 to 35
197901CLNDC50,Male,Slight,46 to 55
197901CLOII29,Female,Slight,46 to 55
197901CLPGJ95,Male,Slight,21 to 25
197901CLQDL83,Female,Slight,16 to 20
197901CLRBQ45,Male,Serious,11 to 15
197901CLSGD22,Female,Slight,26 to 35
197901CMIJP81,Male,Slight,11 to 15
197901CMJAF20,Female,Serious,36 to 45
197901CMLGE65,Male,Slight,26 to 35
197901CMNDD40,Male,Serious,56 to 65
197901CMPDE48,Male,Serious,16 to 20
197901CMSDU31,Male,Slight,6 to 10
197901CMTIP98,Male,Slight,11 to 15
197901CNCBC11,Male,Slight,21 to 25
197901CNGKE08,Female,Slight,16 to 20
197901CNHIV53,Male,Slight,26 to 35
197901CNIBX01,Male,Slight,21 to 25
197901CNIEP07,Male,Slight,26 to 35
197901CNKGE67,Male,Slight,36 to 45
197901CNMAU49,Male,Slight,26 to 35
197901CNMGD23,Male,Slight,36 to 45
197901CNQDP41,Male,Slight,11 to 15
197901CNQEE41,Female,Slight,56 to 65
197901CNQGW04,Male,Slight,11 to 15
197901CNQJD21,Male,Slight,21 to 25
197901CNRGD10,Male,Slight,36 to 45
197901CNRIW40,Male,Serious,46 to 55
197901CNRJP98,Male,Serious,11 to 15
197901CNRKC60,Male,Slight,21 to 25
197901CNSAI19,Male,Slight,16 to 20
197901CNSCP46,Male,Slight,11 to 15
197901CNVHC90,Male,Slight,56 to 65
197901COKCJ94,Male,Slight,11 to 15
197901COMCE14,Male,Slight,11 to 15
197901COMGC28,Male,Slight,21 to 25
197901CONGX34,Female,Serious,6 to 10
197901COOAJ31,Male,Slight,11 to 15
197901COQEE95,Male,Slight,11 to 15
197901COQJQ69,Male,Serious,11 to 15
197901CORGU28,Male,Slight,11 to 15
197901COSAU68,Male,Slight,11 to 15
197901CPMJF27,Male,Slight,11 to 15
197901CPNAK66,Male,Slight,11 to 15
197901CPNJD18,Male,Slight,26 to 35
197901CPRAE41,Male,Slight,11 to 15
197901CPVDF15,Female,Slight,21 to 25
197901CQKAE02,Male,Slight,66 to 75
197901CQPGG01,Male,Slight,11 to 15
197901CQQDW73,Male,Slight,6 to 10
197901CQSBD63,Male,Fatal,11 to 15
197901CRHKE99,Male,Slight,16 to 20
197901CRIFC64,Male,Slight,36 to 45
197901CRIJV39,Male,Slight,11 to 15
197901CRJCO93,Male,Slight,36 to 45
197901CRMDX85,Male,Slight,16 to 20
197901CRMGC22,Male,Slight,16 to 20
197901CRNGX00,Female,Slight,46 to 55
197901CRPJD12,Male,Slight,16 to 20
197901CRRCD03,Male,Slight,21 to 25
197901CRRGF17,Male,Slight,16 to 20
197901CRRJR32,Male,Slight,11 to 15
197901CRSGU17,Male,Slight,21 to 25
197901CRTJE82,Male,Slight,36 to 45
197901CRXCV92,Male,Slight,16 to 20
197901CSFJC70,Male,Slight,46 to 55
197901CSGKE72,Male,Slight,66 to 75
197901CSHGE58,Male,Slight,11 to 15
197901CSIBQ86,Male,Slight,36 to 45
197901CSIDV56,Male,Slight,11 to 15
197901CSJKF91,Male,Slight,46 to 55
197901CSKAD46,Male,Slight,26 to 35
197901CSQJC18,Female,Slight,21 to 25
197901CTFIC91,Male,Slight,36 to 45
197901CTHHD94,Male,Serious,16 to 20
197901CTHIK61,Male,Slight,66 to 75
197901CTIIE55,Male,Serious,11 to 15
197901CTKGE41,Female,Slight,21 to 25
197901CTQAP50,Male,Serious,16 to 20
197901CTQDF25,Male,Slight,36 to 45
197901CTREU92,Male,Slight,11 to 15
197901CTSBD18,Male,Slight,16 to 20
197901CUIEC80,Male,Slight,36 to 45
197901CUJED24,Male,Slight,21 to 25
197901CUQHC45,Male,Slight,46 to 55
197901CURGC82,Male,Slight,6 to 10
197901CUSDV19,Female,Slight,6 to 10
197901CUTGE63,Female,Slight,11 to 15
197901CUWKC10,Female,Serious,26 to 35
197901CVMGP09,Male,Slight,16 to 20
197901CVNA140,Male,Slight,46 to 55
197901CVNBV40,Male,Slight,56 to 65
197901CVNKO26,Male,Slight,11 to 15
197901CVPHE56,Male,Slight,46 to 55
197901CVREV05,Female,Slight,21 to 25
197901CVRJF03,Male,Slight,16 to 20
197901D1LIO60,Male,Serious,11 to 15
197901D1ODV96,Male,Slight,6 to 10
197901D1PDK00,Male,Slight,11 to 15
197901D1QHF15,Male,Slight,11 to 15
197901D1RJD79,Male,Serious,21 to 25
197901D1RKF02,Male,Serious,11 to 15
197901D2GHC47,Male,Slight,46 to 55
197901D2JBK68,Male,Serious,66 to 75
197901D2KAE42,Male,Slight,26 to 35
197901D2MIW68,Male,Slight,11 to 15
197901D2QAK65,Male,Serious,16 to 20
197901D2QDV98,Male,Slight,11 to 15
197901D2QFD18,Male,Slight,16 to 20
197901D2RDD43,Male,Slight,26 to 35
197901D2SBC32,Male,Slight,36 to 45
197901D2SCX76,Female,Slight,6 to 10
197901D2SGC48,Male,Slight,36 to 45
197901D2SKC94,Male,Slight,21 to 25
197901D2XLC74,Female,Slight,36 to 45
197901D3HJF30,Male,Slight,11 to 15
197901D3IAQ10,Male,Slight,56 to 65
197901D3ICK43,Male,Slight,11 to 15
197901D3IEW62,Female,Slight,11 to 15
197901D3IIL58,Female,Slight,36 to 45
197901D3JFV02,Male,Slight,11 to 15
197901D3MGD99,Female,Slight,66 to 75
197901D3QDC25,Male,Slight,26 to 35
197901D3QID14,Male,Slight,46 to 55
197901D3QJC83,Male,Serious,56 to 65
197901D3SGV85,Male,Slight,46 to 55
197901D3UAP40,Male,Slight,16 to 20
197901D4HAD45,Male,Slight,56 to 65
197901D4IHQ81,Female,Slight,21 to 25
197901D4IJE85,Male,Slight,21 to 25
197901D4QFP52,Female,Slight,11 to 15
197901D4RHV87,Male,Slight,6 to 10
197901D5ACD20,Male,Slight,46 to 55
197901D5GHU55,Male,Slight,56 to 65
197901D5HJE01,Male,Slight,56 to 65
197901D5IAD28,Male,Slight,21 to 25
197901D5IDV49,Male,Slight,26 to 35
197901D5LGE34,Male,Slight,11 to 15
197901D5PLK77,Female,Serious,11 to 15
197901D5QJC95,Male,Slight,26 to 35
197901D5RHD66,Male,Serious,11 to 15
197901D5SGC39,Male,Slight,11 to 15
197901D5VDD76,Male,Slight,16 to 20
197901D5VEI76,Male,Fatal,11 to 15
197901D5VGQ99,Male,Serious,11 to 15
197901D6GCO71,Male,Slight,16 to 20
197901D6HDX27,Female,Slight,21 to 25
197901D6HLC36,Male,Serious,26 to 35
197901D6JAC23,Male,Slight,21 to 25
197901D6LEE69,Male,Slight,36 to 45
197901D6MGE40,Male,Slight,16 to 20
197901D6MKQ22,Male,Slight,26 to 35
197901D6QGO96,Male,Slight,6 to 10
197901D6RBL26,Male,Slight,56 to 65
197901D6RCE29,Male,Slight,21 to 25
197901D6RKF24,Male,Slight,16 to 20
197901D6UJS09,Male,Serious,46 to 55
197901D6XFE89,Male,Slight,46 to 55
197901D7KAD31,Male,Slight,11 to 15
197901D7LLC62,Male,Slight,11 to 15
197901D7TIC35,Male,Slight,21 to 25
197901D8JJD61,Male,Slight,56 to 65
197901D8LGF35,Male,Serious,6 to 10
197901D8OFE41,Female,Slight,16 to 20
197901D8UKD41,Male,Slight,11 to 15
197901D8XLE71,Male,Slight,21 to 25
197901D9HFJ64,Male,Slight,56 to 65
197901D9IHU84,Male,Slight,36 to 45
197901D9MHC17,Male,Slight,21 to 25
197901D9NJE25,Male,Slight,16 to 20
197901D9OLE62,Male,Serious,11 to 15
197901D9PBD04,Male,Slight,11 to 15
197901D9QFC88,Male,Slight,6 to 10
197901D9RAC79,Male,Slight,11 to 15
197901D9TFC11,Male,Slight,26 to 35
197901DAIGL72,Male,Slight,56 to 65
197901DAJBP03,Male,Slight,11 to 15
197901DAKKV70,Male,Slight,6 to 10
197901DAOCO89,Male,Fatal,66 to 75
197901DAREV00,Male,Slight,6 to 10
197901DARLO66,Male,Slight,11 to 15
197901DASKC47,Male,Slight,26 to 35
197901DAUDD91,Male,Slight,11 to 15
197901DBJAC45,Female,Slight,26 to 35
197901DBKAC84,Male,Slight,46 to 55
197901DBOED93,Male,Serious,11 to 15
197901DBOEE74,Female,Slight,56 to 65
197901DBQAK49,Female,Slight,46 to 55
197901DBRFL25,Female,Slight,26 to 35
197901DBRHK47,Male,Slight,21 to 25
197901DBSAD31,Male,Slight,11 to 15
197901DBTKE91,Male,Slight,16 to 20
197901DBXGO11,Female,Slight,21 to 25
197901DCNDK40,Male,Slight,11 to 15
197901DCPGW92,Male,Slight,11 to 15
197901DCQHO97,Male,Slight,11 to 15
197901DCQJC74,Male,Slight,16 to 20
197901DCRJE54,Male,Slight,21 to 25
197901DCSHD19,Female,Slight,11 to 15
197901DCSIV82,Male,Slight,16 to 20
197901DCTAV52,Male,Slight,11 to 15
197901DCTCW73,Male,Slight,6 to 10
197901DCUEF97,Male,Slight,11 to 15
197901DDGKD62,Male,Serious,16 to 20
197901DDKJE25,Male,Slight,16 to 20
197901DDOGV67,Male,Slight,6 to 10
197901DDPBD46,Male,Slight,46 to 55
197901DDQGV08,Male,Slight,11 to 15
197901DDREF04,Male,Slight,56 to 65
197901DDVKU57,Male,Slight,11 to 15
197901DDXDC70,Male,Slight,46 to 55
197901DELDE05,Male,Slight,36 to 45
197901DELIE67,Male,Slight,36 to 45
197901DEMGE43,Male,Slight,16 to 20
197901DENAD98,Male,Slight,11 to 15
197901DENGE74,Male,Slight,46 to 55
197901DEQCP51,Male,Slight,11 to 15
197901DEQGW93,Male,Slight,11 to 15
197901DERAE00,Female,Slight,16 to 20
197901DERFV93,Male,Slight,11 to 15
197901DETKU15,Female,Slight,46 to 55
197901DEWAE68,Male,Slight,11 to 15
197901DFLCC29,Male,Slight,11 to 15
197901DFMFW03,Male,Serious,11 to 15
197901DFNDW62,Male,Slight,6 to 10
197901DFSKC67,Male,Serious,16 to 20
197901DGKIE66,Male,Serious,36 to 45
197901DGKJI80,Male,Serious,11 to 15
197901DGLLE34,Male,Slight,16 to 20
197901DGMGC67,Male,Slight,11 to 15
197901DGNID12,Male,Slight,11 to 15
197901DGRDE57,Male,Slight,11 to 15
197901DHKIF21,Male,Slight,11 to 15
197901DHOGV82,Male,Slight,6 to 10
197901DHPFE56,Male,Slight,11 to 15
197901DHPIF04,Male,Slight,11 to 15
197901DHSBF26,Female,Slight,36 to 45
197901DHSDX23,Female,Slight,6 to 10
197901DHTGD53,Male,Slight,11 to 15
197901DHUJV82,Male,Slight,21 to 25
197901DIKBE86,Male,Slight,6 to 10
197901DIKIC47,Male,Slight,21 to 25
197901DIPCE25,Male,Fatal,11 to 15
197901DIPGE45,Male,Slight,11 to 15
197901DIQGW85,Male,Slight,6 to 10
197901DIRAX90,Female,Serious,36 to 45
197901DIRBU57,Male,Slight,6 to 10
197901DIRDE08,Male,Slight,16 to 20
197901DIREP38,Female,Slight,11 to 15
197901DIRFQ37,Female,Slight,36 to 45
197901DISGV58,Male,Slight,11 to 15
197901DITGV80,Male,Slight,11 to 15
197901DIUAE97,Male,Slight,21 to 25
197901DJHGK55,Male,Slight,11 to 15
197901DJIAL59,Male,Serious,21 to 25
197901DJIEI21,Male,Slight,26 to 35
197901DJJGK45,Male,Slight,16 to 20
197901DJNFW78,Male,Slight,56 to 65
197901DJOBL71,Male,Slight,11 to 15
197901DJQJD01,Male,Slight,11 to 15
197901DJSKD90,Male,Slight,16 to 20
197901DJXBV69,Male,Slight,16 to 20
197901DKHFE06,Male,Serious,21 to 25
197901DKHJW57,Male,Serious,56 to 65
197901DKNDU56,Male,Slight,11 to 15
197901DKNEL09,Male,Slight,11 to 15
197901DKOAE61,Female,Serious,46 to 55
197901DKOCV52,Male,Slight,6 to 10
197901DKOJU29,Male,Slight,6 to 10
197901DKQGC97,Male,Slight,56 to 65
197901DKQHF29,Male,Slight,36 to 45
197901DKREX07,Male,Slight,6 to 10
197901DKRFE13,Male,Slight,16 to 20
197901DKVAJ29,Female,Slight,16 to 20
197901DLJHE30,Male,Slight,26 to 35
197901DLKDD67,Male,Slight,11 to 15
197901DLKGK62,Male,Slight,11 to 15
197901DLMID99,Male,Serious,11 to 15
197901DLRGD47,Male,Slight,16 to 20
197901DLRLI12,Male,Slight,36 to 45
197901DLTJC37,Male,Serious,6 to 10
197901DLWDD20,Male,Serious,16 to 20
197901DMJDE23,Male,Serious,16 to 20
197901DMNIC39,Female,Slight,6 to 10
197901DMOEE86,Male,Slight,11 to 15
197901DMQAD85,Female,Slight,11 to 15
197901DNHLX91,Female,Slight,16 to 20
197901DNJCU31,Male,Slight,16 to 20
197901DNKDI38,Female,Slight,36 to 45
197901DNMID07,Male,Slight,6 to 10
197901DNMJF34,Male,Slight,11 to 15
197901DNNGP16,Male,Slight,21 to 25
197901DNOCE54,Male,Slight,36 to 45
197901DNOCF66,Male,Slight,11 to 15
197901DNOFD75,Female,Slight,16 to 20
197901DNOHD56,Male,Slight,46 to 55
197901DNPAX19,Male,Slight,6 to 10
197901DNPJE53,Female,Slight,66 to 75
197901DNQAS04,Male,Slight,11 to 15
197901DNQCW35,Male,Slight,46 to 55
197901DNQKD29,Male,Slight,11 to 15
197901DNQKR01,Male,Slight,16 to 20
197901DNRCP66,Male,Slight,11 to 15
197901DNREW93,Male,Slight,6 to 10
197901DNRJW11,Female,Slight,6 to 10
197901DNSDG08,Male,Slight,36 to 45
197901DNSJD29,Female,Slight,16 to 20
197901DNVKK64,Male,Slight,11 to 15
197901DOIAO94,Male,Slight,26 to 35
197901DOIEK63,Male,Slight,46 to 55
197901DOKEU88,Female,Slight,6 to 10
197901DOMGV34,Male,Slight,11 to 15
197901DOMKJ03,Male,Slight,11 to 15
197901DOOGF29,Female,Slight,6 to 10
197901DOPGU42,Male,Slight,6 to 10
197901DOPJW91,Male,Slight,6 to 10
197901DOQBE91,Female,Slight,46 to 55
197901DOQDV24,Male,Slight,11 to 15
197901DORBC97,Male,Slight,11 to 15
197901DORDD54,Male,Slight,6 to 10
197901DORHJ50,Male,Slight,11 to 15
197901DORKE37,Male,Slight,11 to 15
197901DOVJD76,Male,Slight,16 to 20
197901DOWGD07,Male,Slight,16 to 20
197901DOXKC16,Male,Slight,21 to 25
197901DPIGI10,Female,Slight,21 to 25
197901DPJCC51,Male,Slight,11 to 15
197901DPJGE30,Male,Slight,16 to 20
197901DPJJE98,Male,Serious,56 to 65
197901DPNAP35,Male,Slight,11 to 15
197901DPQEC98,Male,Slight,26 to 35
197901DPQEU60,Male,Serious,6 to 10
197901DPRGQ31,Male,Slight,6 to 10
197901DPRHE20,Female,Serious,36 to 45
197901DPRKW97,Male,Serious,6 to 10
197901DPSFF06,Male,Serious,6 to 10
197901DQHLW98,Male,Slight,6 to 10
197901DQICU74,Male,Slight,11 to 15
197901DQJGW44,Male,Slight,11 to 15
197901DQJIK35,Male,Slight,46 to 55
197901DQPBW41,Male,Slight,66 to 75
197901DQQDL25,Male,Slight,36 to 45
197901DQQGE29,Male,Slight,11 to 15
197901DQRAD20,Male,Slight,16 to 20
197901DRIJC87,Male,Slight,21 to 25
197901DRJCC47,Male,Slight,21 to 25
197901DRLDU98,Male,Slight,6 to 10
197901DRMGC85,Male,Slight,11 to 15
197901DRNHJ82,Male,Serious,11 to 15
197901DRQGU28,Male,Slight,26 to 35
197901DRQJC82,Male,Slight,6 to 10
197901DRQLC29,Female,Slight,6 to 10
197901DRSAC10,Male,Slight,21 to 25
197901DRUDC11,Male,Slight,26 to 35
197901DSLAD80,Male,Slight,11 to 15
197901DSLAE49,Male,Slight,21 to 25
197901DSLGU29,Female,Slight,16 to 20
197901DSNKK59,Male,Slight,11 to 15
197901DSOJD92,Male,Serious,11 to 15
197901DSPFD10,Male,Slight,46 to 55
197901DSPGK17,Male,Slight,6 to 10
197901DSQKD27,Male,Slight,6 to 10
197901DSRJE08,Male,Slight,16 to 20
197901DSSGW85,Male,Slight,11 to 15
197901DSUIV86,Male,Slight,11 to 15
197901DSXJE06,Male,Slight,16 to 20
197901DTJDW24,Male,Slight,11 to 15
197901DTODC23,Male,Slight,11 to 15
197901DTQCV30,Male,Slight,6 to 10
197901DTQFU18,Male,Slight,36 to 45
197901DTRAU52,Male,Slight,11 to 15
197901DTRBU51,Male,Slight,11 to 15
197901DTTAV51,Male,Slight,11 to 15
197901DTXJD26,Male,Slight,21 to 25
197901DUGHV21,Female,Serious,66 to 75
197901DUIKE76,Male,Slight,21 to 25
197901DUJGF10,Male,Slight,26 to 35
197901DUJKC26,Female,Slight,21 to 25
197901DULHQ68,Female,Serious,46 to 55
197901DURAD83,Male,Slight,56 to 65
197901DURDW21,Male,Slight,16 to 20
197901DURFE07,Male,Slight,11 to 15
197901DURJK47,Male,Slight,6 to 10
197901DUSBW03,Male,Slight,6 to 10
197901DUSJG03,Male,Slight,11 to 15
197901DUTLU79,Male,Slight,6 to 10
197901DUUHC32,Male,Slight,11 to 15
197901E1AGW74,Male,Serious,11 to 15
197901E1HAP41,Male,Slight,26 to 35
197901E1HDE64,Male,Slight,21 to 25
197901E1HKM00,Female,Slight,46 to 55
197901E1JAW53,Female,Slight,36 to 45
197901E1MAC73,Male,Slight,16 to 20
197901E1MAC74,Female,Slight,16 to 20
197901E1NBD85,Male,Slight,36 to 45
197901E1NDS04,Female,Slight,46 to 55
197901E1QAV85,Male,Slight,11 to 15
197901E1RBP04,Male,Slight,56 to 65
197901E1UJE81,Male,Slight,26 to 35
197901E1VAE12,Male,Slight,21 to 25
197901E1VAE22,Male,Slight,21 to 25
197901E1VCC13,Female,Slight,21 to 25
197901E1WKS05,Male,Slight,56 to 65
197901E1XJE37,Male,Slight,26 to 35
197901E2HFF39,Male,Slight,36 to 45
197901E2HLW70,Male,Slight,11 to 15
197901E2ICC13,Male,Slight,46 to 55
197901E2ILF04,Female,Slight,46 to 55
197901E2PGW38,Male,Slight,11 to 15
197901E2QAC18,Male,Slight,26 to 35
197901E2QHE61,Female,Slight,56 to 65
197901E2RBJ07,Female,Slight,16 to 20
197901E2SAC76,Male,Slight,11 to 15
197901E2VCI47,Male,Slight,11 to 15
197901E3IDX88,Female,Slight,56 to 65
197901E3IEV81,Male,Slight,11 to 15
197901E3IHD92,Male,Slight,11 to 15
197901E3IIK71,Female,Slight,21 to 25
197901E3JDE00,Female,Slight,11 to 15
197901E3KGP72,Male,Slight,6 to 10
197901E3PFC12,Male,Slight,26 to 35
197901E3PGD05,Male,Slight,6 to 10
197901E3PKC11,Male,Slight,26 to 35
197901E3PKX01,Male,Serious,11 to 15
197901E3PLD10,Male,Slight,21 to 25
197901E3QGF84,Male,Slight,11 to 15
197901E3QJK12,Male,Slight,11 to 15
197901E3SBE40,Male,Slight,21 to 25
197901E3SGD03,Male,Slight,6 to 10
197901E3SJW72,Male,Serious,6 to 10
197901E3TFP97,Male,Slight,11 to 15
197901E3UGC43,Male,Slight,11 to 15
197901E4FKD75,Male,Slight,21 to 25
197901E4OIE50,Male,Slight,16 to 20
197901E4PBV72,Male,Slight,6 to 10
197901E4RDD09,Male,Slight,21 to 25
197901E4RED02,Male,Slight,36 to 45
197901E4RIC27,Male,Slight,56 to 65
197901E5JGW38,Male,Slight,46 to 55
197901E5KCW38,Male,Slight,11 to 15
197901E5KID42,Female,Slight,11 to 15
197901E5LEE59,Female,Slight,46 to 55
197901E5OGL76,Female,Slight,6 to 10
197901E5OJP80,Male,Slight,11 to 15
197901E5OLE54,Male,Serious,26 to 35
197901E5PGV75,Male,Slight,11 to 15
197901E5QAX37,Male,Slight,11 to 15
197901E5QEE88,Male,Slight,21 to 25
197901E5QKC23,Male,Slight,26 to 35
197901E5RIW21,Male,Slight,11 to 15
197901E5RKE50,Male,Slight,6 to 10
197901E5VHC81,Male,Slight,11 to 15
197901E6AKD25,Female,Slight,21 to 25
197901E6NKI88,Female,Serious,11 to 15
197901E6OLV66,Male,Slight,6 to 10
197901E6PCC94,Male,Slight,16 to 20
197901E6PDV35,Female,Slight,6 to 10
197901E6PKU98,Male,Slight,6 to 10
197901E6QLQ74,Male,Fatal,6 to 10
197901E6RKD42,Male,Slight,6 to 10
197901E7JKE60,Male,Slight,11 to 15
197901E7OGC48,Male,Slight,11 to 15
197901E7PAF20,Male,Slight,6 to 10
197901E7PCU76,Male,Slight,11 to 15
197901E7QED07,Male,Slight,56 to 65
197901E7QGW73,Male,Slight,6 to 10
197901E7QKW74,Male,Slight,16 to 20
197901E7TBX55,Male,Slight,6 to 10
197901E7UCD16,Male,Slight,26 to 35
197901E7XLE75,Male,Slight,21 to 25
197901E8HED00,Male,Slight,11 to 15
197901E8HLX36,Male,Slight,16 to 20
197901E8QDO26,Male,Slight,26 to 35
197901E8RAV62,Male,Slight,6 to 10
197901E8RHO72,Male,Slight,6 to 10
197901E8TCW02,Male,Slight,11 to 15
197901E8WFI45,Male,Slight,16 to 20
197901E9HGE29,Female,Slight,16 to 20
197901E9HGE73,Male,Slight,56 to 65
197901E9JGC49,Female,Slight,16 to 20
197901E9LGY06,Male,Slight,56 to 65
197901E9MID31,Male,Slight,26 to 35
197901E9ODD96,Male,Slight,11 to 15
197901E9PAD03,Male,Slight,11 to 15
197901E9QGC26,Male,Slight,11 to 15
197901E9RDV50,Male,Slight,11 to 15
197901E9SAU95,Male,Slight,6 to 10
197901E9SCD97,Male,Slight,26 to 35
197901E9SJC98,Female,Serious,11 to 15
197901E9SJV78,Female,Slight,56 to 65
197901EAHKQ67,Male,Slight,11 to 15
197901EAHLC70,Male,Slight,21 to 25
197901EANBR98,Male,Slight,16 to 20
197901EAPDV97,Female,Slight,11 to 15
197901EAQDJ95,Male,Slight,11 to 15
197901EAQKV34,Male,Slight,11 to 15
197901EARAF70,Male,Serious,11 to 15
197901EARGE04,Male,Slight,6 to 10
197901EARJD09,Male,Serious,56 to 65
197901EASAV41,Male,Serious,6 to 10
197901EBJLD29,Female,Slight,26 to 35
197901EBKCE30,Male,Slight,56 to 65
197901EBQBV44,Female,Slight,36 to 45
197901EBQDV47,Male,Slight,21 to 25
197901EBQER64,Male,Slight,11 to 15
